,"ZIP
code [1]",Size of adjusted gross income,Number of returns,Number of joint returns,Number of dependents,Adjusted gross income (AGI)
10,10001,,12393.0,2003.0,3030.0,1644776.0
18,10002,,44144.0,11843.0,21571.0,1652980.0
26,10003,,28745.0,4930.0,4481.0,4554175.0
34,10004,,1910.0,581.0,740.0,485592.0
42,10005,,5051.0,1121.0,1199.0,3172495.0
50,10006,,2291.0,424.0,466.0,352831.0
58,10007,,3588.0,1136.0,1399.0,1317567.0
66,10009,,31165.0,4987.0,9423.0,1948369.0
74,10010,,16979.0,3328.0,3042.0,2602293.0
82,10011,,29995.0,4789.0,5368.0,4889117.0
90,10012,,13015.0,2427.0,2493.0,1814741.0
98,10013,,15793.0,4597.0,5853.0,3589094.0
106,10014,,19148.0,3027.0,2828.0,3477280.0
114,10016,,30681.0,5544.0,4981.0,4764280.0
122,10017,,14400.0,2634.0,2548.0,3113012.0
130,10018,,5190.0,925.0,1325.0,1775674.0
138,10019,,24137.0,4244.0,4764.0,4881738.0
146,10021,,26305.0,7348.0,6762.0,12244041.0
154,10022,,19702.0,5220.0,4437.0,7404273.0
162,10023,,34139.0,8391.0,8647.0,8728258.0
170,10024,,31129.0,8996.0,10548.0,7031434.0
178,10025,,46849.0,10911.0,17408.0,4823341.0
186,10026,,16603.0,1971.0,9098.0,760054.0
194,10027,,25342.0,3387.0,13084.0,1119548.0
202,10028,,25190.0,6737.0,7427.0,6197379.0
210,10029,,31522.0,4066.0,19201.0,1218383.0
218,10030,,12074.0,992.0,7389.0,411700.0
226,10031,,27561.0,2856.0,14883.0,852639.0
234,10032,,32071.0,3358.0,16073.0,977366.0
242,10033,,27994.0,4046.0,14763.0,988208.0
250,10034,,21743.0,2905.0,11148.0,744802.0
258,10035,,13410.0,1404.0,8633.0,440160.0
266,10036,,17454.0,2601.0,3576.0,2850927.0
274,10037,,9491.0,702.0,4470.0,381329.0
282,10038,,10631.0,2339.0,3305.0,870470.0
290,10039,,11973.0,1021.0,7456.0,396302.0
298,10040,,21336.0,3088.0,11907.0,721919.0
306,10044,,4145.0,1163.0,1735.0,293295.0
314,10065,,14251.0,3711.0,3431.0,4405604.0
322,10069,,2235.0,829.0,818.0,810461.0
330,10075,,12630.0,3320.0,3439.0,3301171.0
338,10128,,32132.0,8580.0,10079.0,9048810.0
346,10162,,703.0,304.0,363.0,147262.0
354,10280,,3843.0,1197.0,1265.0,599630.0
362,10282,,2255.0,873.0,967.0,586828.0
370,10301,,16372.0,4358.0,9843.0,999593.0
378,10302,,7244.0,2159.0,5389.0,343492.0
386,10303,,10948.0,2567.0,9011.0,454475.0
394,10304,,17926.0,5136.0,12739.0,1077608.0
402,10305,,18226.0,6885.0,11551.0,1018562.0
410,10306,,25853.0,10494.0,15769.0,1624158.0
418,10307,,5943.0,2661.0,4473.0,462132.0
426,10308,,12771.0,5676.0,7850.0,855046.0
434,10309,,13671.0,6210.0,9532.0,1002324.0
442,10310,,10204.0,3218.0,7577.0,563425.0
450,10312,,27807.0,12555.0,17504.0,1970549.0
458,10314,,38658.0,15909.0,24495.0,2370759.0
466,10451,,20361.0,1951.0,14798.0,584807.0
474,10452,,34858.0,3519.0,26803.0,866845.0
482,10453,,36279.0,3118.0,27104.0,889461.0
490,10454,,13477.0,1358.0,11770.0,321128.0
498,10455,,15374.0,1601.0,12934.0,374927.0
506,10456,,36762.0,3214.0,29904.0,889629.0
514,10457,,29311.0,2726.0,23775.0,713195.0
522,10458,,31103.0,3802.0,23810.0,815498.0
530,10459,,18461.0,1878.0,15715.0,472185.0
538,10460,,25324.0,2357.0,19097.0,673270.0
546,10461,,21876.0,5789.0,12586.0,990404.0
554,10462,,36262.0,6793.0,23583.0,1367862.0
562,10463,,31844.0,7306.0,17155.0,1708852.0
570,10464,,2050.0,668.0,917.0,144247.0
578,10465,,18994.0,5244.0,11204.0,1000268.0
586,10466,,29880.0,4196.0,21108.0,1046744.0
594,10467,,40609.0,6054.0,29129.0,1288116.0
602,10468,,33966.0,3973.0,24232.0,931642.0
610,10469,,29513.0,5434.0,19998.0,1202589.0
618,10470,,7126.0,1481.0,3621.0,313211.0
626,10471,,9588.0,2979.0,4455.0,1042850.0
634,10472,,26354.0,3967.0,20399.0,721914.0
642,10473,,26666.0,3343.0,19427.0,942554.0
650,10474,,4319.0,422.0,3803.0,114221.0
658,10475,,20984.0,3123.0,10239.0,924406.0
666,10501,,610.0,327.0,489.0,76683.0
674,10502,,2796.0,1378.0,2059.0,352026.0
682,10504,,5575.0,3006.0,4578.0,2158962.0
690,10505,,539.0,280.0,512.0,56790.0
698,10506,,2655.0,1472.0,2215.0,872962.0
706,10507,,2548.0,983.0,1651.0,362812.0
714,10509,,9385.0,3985.0,5878.0,740204.0
722,10510,,4885.0,2464.0,3454.0,1040344.0
730,10511,,1093.0,469.0,694.0,73756.0
738,10512,,11952.0,5370.0,7352.0,900885.0
746,10514,,5341.0,3044.0,4868.0,1909214.0
754,10516,,2580.0,1149.0,1505.0,237288.0
762,10518,,699.0,319.0,542.0,102705.0
770,10520,,6038.0,2721.0,3738.0,675255.0
778,10522,,4990.0,2028.0,3074.0,568663.0
786,10523,,4139.0,1329.0,2596.0,270759.0
794,10524,,1973.0,930.0,1184.0,228078.0
802,10526,,981.0,422.0,647.0,128206.0
810,10527,,446.0,261.0,337.0,56794.0
818,10528,,5643.0,2433.0,3423.0,1023208.0
826,10530,,6998.0,2665.0,2660.0,696088.0
834,10532,,2548.0,1172.0,1562.0,212545.0
842,10533,,3651.0,1727.0,2533.0,739425.0
850,10535,,379.0,124.0,244.0,20514.0
858,10536,,4962.0,2558.0,3851.0,982653.0
866,10537,,1192.0,458.0,744.0,69251.0
874,10538,,7884.0,3912.0,5937.0,2113558.0
882,10541,,11642.0,5617.0,8151.0,907978.0
890,10543,,9328.0,3752.0,5945.0,1198699.0
898,10546,,706.0,327.0,483.0,100412.0
906,10547,,3372.0,1395.0,2328.0,243993.0
914,10548,,1432.0,632.0,838.0,111635.0
922,10549,,7887.0,3170.0,5143.0,1225337.0
930,10550,,16718.0,2519.0,11497.0,589902.0
938,10552,,10193.0,2736.0,4645.0,663717.0
946,10553,,5341.0,899.0,3466.0,242467.0
954,10560,,2043.0,967.0,1387.0,374417.0
962,10562,,14229.0,5175.0,8236.0,1008571.0
970,10566,,11399.0,3248.0,6523.0,586974.0
978,10567,,9119.0,4381.0,6562.0,871498.0
986,10570,,5760.0,2710.0,4066.0,784546.0
994,10573,,17721.0,6258.0,11955.0,1372448.0
1002,10576,,2330.0,1247.0,1669.0,564124.0
1010,10577,,1708.0,738.0,1021.0,842877.0
1018,10578,,428.0,193.0,286.0,35280.0
1026,10579,,4225.0,1972.0,2719.0,344085.0
1034,10580,,7751.0,3842.0,6385.0,2946449.0
1042,10583,,18545.0,9387.0,14043.0,5259273.0
1050,10588,,1178.0,514.0,785.0,83812.0
1058,10589,,4447.0,2109.0,1715.0,452890.0
1066,10590,,3102.0,1593.0,2322.0,454705.0
1074,10591,,11532.0,3672.0,6456.0,1120302.0
1082,10594,,2423.0,1124.0,1481.0,230609.0
1090,10595,,3114.0,1429.0,1893.0,288476.0
1098,10597,,454.0,256.0,373.0,148800.0
1106,10598,,13621.0,6816.0,9579.0,1316233.0
1114,10601,,5730.0,1297.0,2407.0,631182.0
1122,10603,,9273.0,2784.0,4837.0,645241.0
1130,10604,,5247.0,1999.0,3383.0,562523.0
1138,10605,,9734.0,3969.0,5208.0,1194190.0
1146,10606,,7671.0,2325.0,4802.0,511249.0
1154,10607,,3757.0,1404.0,2246.0,291062.0
1162,10701,,26266.0,5685.0,18110.0,1130024.0
1170,10703,,9759.0,2756.0,6156.0,479280.0
1178,10704,,15846.0,4789.0,8097.0,910087.0
1186,10705,,16886.0,3847.0,12061.0,715389.0
1194,10706,,4334.0,1885.0,2673.0,675452.0
1202,10707,,4801.0,1889.0,2893.0,432549.0
1210,10708,,11253.0,4198.0,5535.0,2120880.0
1218,10709,,4579.0,1981.0,2828.0,500665.0
1226,10710,,13337.0,4719.0,6888.0,906914.0
1234,10801,,17272.0,5262.0,11989.0,1002319.0
1242,10803,,5807.0,2695.0,4707.0,1057123.0
1250,10804,,6940.0,3473.0,4764.0,1244315.0
1258,10805,,8734.0,2565.0,4352.0,538864.0
1266,10901,,11137.0,4834.0,7392.0,1037082.0
1274,10913,,2417.0,1226.0,1812.0,262592.0
1282,10916,,2062.0,1002.0,1588.0,163937.0
1290,10917,,960.0,415.0,681.0,73520.0
1298,10918,,5104.0,2194.0,3555.0,375215.0
1306,10919,,555.0,244.0,378.0,33995.0
1314,10920,,4199.0,1900.0,2827.0,326290.0
1322,10921,,2032.0,881.0,1427.0,137117.0
1330,10923,,4508.0,1553.0,2815.0,252513.0
1338,10924,,5666.0,2482.0,3898.0,460831.0
1346,10925,,2483.0,991.0,1354.0,153260.0
1354,10926,,1819.0,633.0,1154.0,119165.0
1362,10927,,5644.0,1120.0,3868.0,217323.0
1370,10928,,2188.0,675.0,1140.0,110857.0
1378,10930,,4062.0,1957.0,3458.0,342734.0
1386,10931,,481.0,141.0,289.0,23698.0
1394,10940,,21656.0,6775.0,16077.0,1041274.0
1402,10941,,6468.0,2380.0,4548.0,367129.0
1410,10950,,15307.0,8675.0,20632.0,985216.0
1418,10952,,11490.0,7016.0,20359.0,899002.0
1426,10954,,11709.0,4459.0,6861.0,858487.0
1434,10956,,15344.0,7626.0,10614.0,1594908.0
1442,10958,,1491.0,672.0,1109.0,92233.0
1450,10960,,7386.0,2204.0,3528.0,630039.0
1458,10962,,2410.0,1071.0,1578.0,247602.0
1466,10963,,1235.0,507.0,882.0,72499.0
1474,10964,,717.0,335.0,448.0,119686.0
1482,10965,,7357.0,3424.0,4904.0,604637.0
1490,10968,,1235.0,423.0,418.0,137119.0
1498,10969,,602.0,258.0,416.0,33817.0
1506,10970,,4921.0,1822.0,2666.0,369689.0
1514,10973,,1049.0,483.0,801.0,69576.0
1522,10974,,1491.0,629.0,1053.0,113623.0
1530,10975,,156.0,36.0,42.0,8835.0
1538,10976,,810.0,248.0,440.0,46208.0
1546,10977,,22105.0,7951.0,23244.0,1070530.0
1554,10980,,6651.0,2841.0,4195.0,491308.0
1562,10983,,2793.0,1370.0,1950.0,244974.0
1570,10984,,1264.0,572.0,788.0,100062.0
1578,10985,,175.0,84.0,119.0,11000.0
1586,10986,,879.0,388.0,651.0,73838.0
1594,10987,,1590.0,794.0,926.0,272719.0
1602,10989,,4832.0,2005.0,2616.0,388489.0
1610,10990,,9265.0,4317.0,6344.0,746994.0
1618,10992,,4685.0,2004.0,3346.0,321738.0
1626,10993,,2284.0,665.0,1542.0,99781.0
1634,10994,,3562.0,1726.0,2452.0,396325.0
1642,10996,,971.0,678.0,1422.0,65937.0
1650,10998,,1423.0,735.0,1241.0,96611.0
1658,11001,,13015.0,5616.0,8440.0,972192.0
1666,11003,,21305.0,5728.0,14793.0,1019865.0
1674,11004,,6512.0,2627.0,3521.0,388998.0
1682,11005,,1384.0,377.0,63.0,128036.0
1690,11010,,11936.0,4974.0,6794.0,764799.0
1698,11020,,2936.0,1377.0,2081.0,425201.0
1706,11021,,9370.0,3695.0,4703.0,1238847.0
1714,11023,,3846.0,1940.0,3070.0,526864.0
1722,11024,,3176.0,1496.0,2479.0,922914.0
1730,11030,,8653.0,4591.0,6385.0,2354980.0
1738,11040,,20024.0,9585.0,13331.0,1688817.0
1746,11050,,13979.0,6415.0,9098.0,2098238.0
1754,11096,,3592.0,911.0,2695.0,134615.0
1762,11101,,12604.0,2667.0,6155.0,598614.0
1770,11102,,18538.0,4069.0,8021.0,717978.0
1778,11103,,19429.0,5086.0,7385.0,774478.0
1786,11104,,14470.0,4149.0,6208.0,614222.0
1794,11105,,18824.0,5150.0,7061.0,835015.0
1802,11106,,20449.0,4790.0,8434.0,817626.0
1810,11109,,1987.0,507.0,289.0,211684.0
1818,11201,,27026.0,6624.0,8233.0,3252407.0
1826,11203,,34853.0,5208.0,21805.0,1245861.0
1834,11204,,29805.0,13110.0,25899.0,1356634.0
1842,11205,,15615.0,3132.0,10625.0,735617.0
1850,11206,,31355.0,5444.0,25671.0,903410.0
1858,11207,,37374.0,4252.0,29135.0,1079282.0
1866,11208,,38845.0,6079.0,31535.0,1059431.0
1874,11209,,32597.0,10178.0,15669.0,2003945.0
1882,11210,,27545.0,6555.0,21940.0,1628498.0
1890,11211,,37523.0,9882.0,26709.0,1663473.0
1898,11212,,34564.0,3402.0,26769.0,969151.0
1906,11213,,26198.0,3981.0,20444.0,824887.0
1914,11214,,35802.0,13662.0,22535.0,1406737.0
1922,11215,,34693.0,9173.0,16455.0,2896907.0
1930,11216,,24181.0,2405.0,12935.0,802983.0
1938,11217,,17878.0,3557.0,6190.0,1367396.0
1946,11218,,30476.0,10518.0,24000.0,1322786.0
1954,11219,,29416.0,14748.0,35800.0,1054320.0
1962,11220,,43728.0,14908.0,31802.0,1121929.0
1970,11221,,31586.0,3546.0,22705.0,952518.0
1978,11222,,20871.0,4770.0,6218.0,898088.0
1986,11223,,29059.0,11230.0,20233.0,1727805.0
1994,11224,,19192.0,4436.0,10941.0,679499.0
2002,11225,,28078.0,3864.0,17083.0,1001094.0
2010,11226,,46541.0,6306.0,30966.0,1488148.0
2018,11228,,17510.0,7072.0,10417.0,955703.0
2026,11229,,33449.0,12918.0,21450.0,1698165.0
2034,11230,,31596.0,12058.0,26826.0,1872391.0
2042,11231,,16381.0,4143.0,7183.0,1271044.0
2050,11232,,10960.0,2746.0,7293.0,343813.0
2058,11233,,26597.0,2619.0,19556.0,847940.0
2066,11234,,39716.0,11653.0,26138.0,2206054.0
2074,11235,,35254.0,12052.0,17822.0,1776028.0
2082,11236,,43566.0,6919.0,30244.0,1713749.0
2090,11237,,19511.0,3240.0,13653.0,507272.0
2098,11238,,26887.0,4097.0,10011.0,1495848.0
2106,11239,,6327.0,712.0,4039.0,226918.0
2114,11354,,26005.0,8541.0,11825.0,980697.0
2122,11355,,41500.0,14240.0,21653.0,1152035.0
2130,11356,,10625.0,3720.0,6854.0,472194.0
2138,11357,,18653.0,7975.0,9495.0,1277740.0
2146,11358,,17216.0,7057.0,9387.0,903689.0
2154,11360,,9780.0,3852.0,3983.0,740262.0
2162,11361,,13245.0,5249.0,7405.0,765883.0
2170,11362,,8402.0,3671.0,4382.0,571845.0
2178,11363,,3334.0,1516.0,1833.0,336268.0
2186,11364,,16622.0,6961.0,9368.0,975949.0
2194,11365,,19228.0,7374.0,12167.0,980579.0
2202,11366,,6549.0,2766.0,4049.0,386575.0
2210,11367,,17736.0,6592.0,12132.0,906081.0
2218,11368,,41646.0,9760.0,31471.0,1076342.0
2226,11369,,15659.0,3718.0,10757.0,501249.0
2234,11370,,12184.0,4202.0,7688.0,471723.0
2242,11372,,33522.0,9154.0,18623.0,1211933.0
2250,11373,,45730.0,14613.0,27823.0,1332100.0
2258,11374,,21429.0,7020.0,10227.0,1075142.0
2266,11375,,34885.0,11999.0,14490.0,2543837.0
2274,11377,,41541.0,12475.0,23165.0,1445685.0
2282,11378,,16069.0,5785.0,9397.0,731050.0
2290,11379,,16841.0,6467.0,8677.0,954589.0
2298,11385,,44404.0,13360.0,28849.0,1678326.0
2306,11411,,10155.0,1835.0,5596.0,477387.0
2314,11412,,16988.0,2444.0,10922.0,666246.0
2322,11413,,19327.0,3256.0,12421.0,849321.0
2330,11414,,12638.0,4632.0,6299.0,741047.0
2338,11415,,9322.0,2732.0,4570.0,491353.0
2346,11416,,13597.0,3006.0,9164.0,405187.0
2354,11417,,13544.0,4224.0,9617.0,518585.0
2362,11418,,16028.0,4618.0,11303.0,583472.0
2370,11419,,20450.0,6310.0,14797.0,628435.0
2378,11420,,20345.0,5717.0,14360.0,740450.0
2386,11421,,18327.0,5199.0,12954.0,652889.0
2394,11422,,14823.0,2655.0,9677.0,659634.0
2402,11423,,14062.0,3745.0,9210.0,589830.0
2410,11426,,8370.0,3463.0,5213.0,468607.0
2418,11427,,11023.0,3868.0,6742.0,558577.0
2426,11428,,9284.0,2967.0,6280.0,394730.0
2434,11429,,12178.0,2240.0,7851.0,477098.0
2442,11430,,249.0,29.0,146.0,11774.0
2450,11432,,24980.0,7856.0,16429.0,1035054.0
2458,11433,,13552.0,2059.0,10396.0,445661.0
2466,11434,,28616.0,3877.0,18088.0,1106550.0
2474,11435,,23617.0,6182.0,15303.0,859659.0
2482,11436,,8229.0,1521.0,6022.0,296656.0
2490,11501,,10162.0,3736.0,4919.0,670274.0
2498,11507,,3609.0,1761.0,2464.0,361736.0
2506,11509,,1415.0,599.0,702.0,252714.0
2514,11510,,16626.0,5769.0,10981.0,1127684.0
2522,11514,,2473.0,967.0,1312.0,163379.0
2530,11516,,3233.0,1548.0,2924.0,330617.0
2538,11518,,5514.0,2245.0,3171.0,470713.0
2546,11520,,22456.0,5083.0,13431.0,1053776.0
2554,11530,,13313.0,6407.0,9281.0,2276564.0
2562,11542,,13004.0,4371.0,6846.0,874060.0
2570,11545,,5849.0,2800.0,3840.0,1312861.0
2578,11548,,707.0,279.0,448.0,118235.0
2586,11550,,25016.0,4425.0,16862.0,959162.0
2594,11552,,11964.0,4448.0,8438.0,810205.0
2602,11553,,12808.0,2599.0,8674.0,521954.0
2610,11554,,18446.0,8028.0,10810.0,1276473.0
2618,11557,,4064.0,1855.0,2550.0,645694.0
2626,11558,,4156.0,1587.0,2124.0,264424.0
2634,11559,,3660.0,1656.0,3289.0,1944518.0
2642,11560,,3414.0,1419.0,2091.0,748551.0
2650,11561,,19341.0,5721.0,7954.0,1554298.0
2658,11563,,10918.0,4361.0,6325.0,776929.0
2666,11565,,4613.0,2083.0,2555.0,397285.0
2674,11566,,17552.0,8546.0,11795.0,1816515.0
2682,11568,,1688.0,761.0,1050.0,737832.0
2690,11570,,13354.0,5534.0,8649.0,1635043.0
2698,11572,,15387.0,7006.0,9462.0,1208087.0
2706,11575,,8135.0,1310.0,5532.0,326987.0
2714,11576,,6206.0,3171.0,3986.0,1291005.0
2722,11577,,5667.0,2797.0,4156.0,804251.0
2730,11579,,2572.0,1050.0,1500.0,293717.0
2738,11580,,19697.0,6695.0,12987.0,1161840.0
2746,11581,,10049.0,4324.0,6909.0,767222.0
2754,11590,,22768.0,7206.0,13959.0,1303431.0
2762,11596,,5160.0,2385.0,3343.0,483697.0
2770,11598,,5718.0,3025.0,5266.0,862450.0
2778,11691,,20682.0,4068.0,19047.0,747140.0
2786,11692,,7522.0,1139.0,6232.0,252185.0
2794,11693,,5430.0,1364.0,3546.0,265884.0
2802,11694,,8453.0,2957.0,4939.0,693778.0
2810,11697,,2104.0,874.0,1045.0,173591.0
2818,11701,,13382.0,3294.0,7882.0,678663.0
2826,11702,,7483.0,2985.0,4336.0,628918.0
2834,11703,,8760.0,3217.0,4989.0,513606.0
2842,11704,,19306.0,6872.0,11523.0,1048456.0
2850,11705,,3785.0,1737.0,2701.0,336324.0
2858,11706,,30016.0,8853.0,20331.0,1510554.0
2866,11709,,3327.0,1430.0,1957.0,286750.0
2874,11710,,16802.0,7658.0,10697.0,1409607.0
2882,11713,,4877.0,1539.0,3219.0,283134.0
2890,11714,,11858.0,4983.0,6667.0,759062.0
2898,11715,,2262.0,996.0,1397.0,188178.0
2906,11716,,5263.0,2178.0,3191.0,352100.0
2914,11717,,28675.0,6368.0,21196.0,958184.0
2922,11718,,1652.0,758.0,1037.0,216249.0
2930,11719,,1585.0,638.0,818.0,123796.0
2938,11720,,13864.0,5882.0,9179.0,880341.0
2946,11721,,3115.0,1475.0,2114.0,386037.0
2954,11722,,16837.0,3818.0,11628.0,663665.0
2962,11724,,1665.0,803.0,1300.0,426694.0
2970,11725,,13858.0,7012.0,9814.0,1203727.0
2978,11726,,10312.0,2776.0,6081.0,425662.0
2986,11727,,13752.0,4955.0,7613.0,792903.0
2994,11729,,13811.0,5145.0,8542.0,781376.0
3002,11730,,6866.0,3086.0,4711.0,561785.0
3010,11731,,14198.0,6913.0,9858.0,1147133.0
3018,11732,,1787.0,825.0,997.0,219475.0
3026,11733,,8570.0,4232.0,5996.0,1871863.0
3034,11735,,16211.0,6395.0,9325.0,1098194.0
3042,11738,,7813.0,3365.0,5586.0,482320.0
3050,11740,,4264.0,1999.0,3112.0,399163.0
3058,11741,,13815.0,6001.0,8403.0,947282.0
3066,11742,,6353.0,2777.0,4309.0,426754.0
3074,11743,,21095.0,9095.0,12483.0,2766582.0
3082,11746,,31698.0,12678.0,21451.0,2672588.0
3090,11747,,9983.0,4802.0,6020.0,1310918.0
3098,11749,,1685.0,548.0,997.0,111442.0
3106,11751,,7314.0,2954.0,4560.0,542496.0
3114,11752,,4854.0,1979.0,3097.0,292484.0
3122,11753,,6328.0,3271.0,4435.0,976745.0
3130,11754,,9035.0,4154.0,5861.0,707256.0
3138,11755,,5932.0,2691.0,3850.0,441698.0
3146,11756,,21593.0,9050.0,13109.0,1354776.0
3154,11757,,22649.0,8708.0,13588.0,1237503.0
3162,11758,,27536.0,12076.0,16632.0,2199536.0
3170,11762,,11306.0,5439.0,7214.0,927969.0
3178,11763,,13565.0,5120.0,8650.0,763348.0
3186,11764,,5943.0,2981.0,4548.0,544409.0
3194,11765,,368.0,148.0,165.0,145091.0
3202,11766,,5784.0,3074.0,4201.0,587814.0
3210,11767,,6752.0,3279.0,4818.0,546723.0
3218,11768,,10433.0,5146.0,6843.0,1280509.0
3226,11769,,4811.0,2116.0,2601.0,366544.0
3234,11771,,4890.0,2043.0,2876.0,1116448.0
3242,11772,,21186.0,7243.0,12187.0,1157229.0
3250,11776,,11403.0,4600.0,7194.0,702917.0
3258,11777,,4528.0,1940.0,2468.0,660260.0
3266,11778,,5892.0,2446.0,4016.0,373319.0
3274,11779,,18516.0,7609.0,11524.0,1117449.0
3282,11780,,7088.0,3458.0,4851.0,1352500.0
3290,11782,,7522.0,3452.0,4916.0,620029.0
3298,11783,,10662.0,4937.0,6575.0,846172.0
3306,11784,,11617.0,4704.0,7694.0,636559.0
3314,11786,,2949.0,1508.0,2425.0,260592.0
3322,11787,,16265.0,8154.0,11165.0,1706879.0
3330,11788,,8115.0,3780.0,5350.0,684856.0
3338,11789,,3603.0,1503.0,2363.0,220789.0
3346,11790,,7045.0,3251.0,4260.0,674758.0
3354,11791,,11670.0,6148.0,8782.0,1859008.0
3362,11792,,4048.0,2016.0,2818.0,335591.0
3370,11793,,15961.0,7599.0,10694.0,1325298.0
3378,11795,,12432.0,5738.0,8611.0,1022071.0
3386,11796,,1791.0,809.0,1189.0,130225.0
3394,11797,,4455.0,2096.0,2783.0,927278.0
3402,11798,,7252.0,1372.0,5655.0,294092.0
3410,11801,,20581.0,8424.0,11738.0,1211698.0
3418,11803,,13893.0,7195.0,9219.0,1358603.0
3426,11804,,2421.0,1258.0,1665.0,239874.0
3434,11901,,11145.0,3534.0,6095.0,605909.0
3442,11933,,3249.0,1409.0,1647.0,218178.0
3450,11934,,3600.0,1613.0,2507.0,252329.0
3458,11935,,1792.0,822.0,919.0,153488.0
3466,11937,,8323.0,2811.0,3938.0,916588.0
3474,11939,,538.0,239.0,181.0,45219.0
3482,11940,,2570.0,1175.0,1540.0,193949.0
3490,11941,,1230.0,572.0,693.0,93187.0
3498,11942,,2339.0,971.0,1327.0,194040.0
3506,11944,,2205.0,685.0,973.0,123833.0
3514,11946,,6652.0,2494.0,3616.0,396933.0
3522,11948,,561.0,257.0,277.0,45183.0
3530,11949,,6462.0,3057.0,4777.0,481760.0
3538,11950,,7051.0,2575.0,5390.0,334648.0
3546,11951,,5935.0,2047.0,4281.0,274083.0
3554,11952,,2549.0,1149.0,1314.0,193181.0
3562,11953,,6402.0,2328.0,3106.0,360264.0
3570,11954,,2476.0,819.0,958.0,142474.0
3578,11955,,1667.0,624.0,658.0,98304.0
3586,11957,,480.0,205.0,187.0,41065.0
3594,11958,,485.0,193.0,252.0,36822.0
3602,11961,,6476.0,2634.0,2747.0,350756.0
3610,11963,,3926.0,1415.0,1674.0,376559.0
3618,11967,,12023.0,4545.0,8375.0,600018.0
3626,11968,,4889.0,1808.0,2358.0,507217.0
3634,11971,,3101.0,1440.0,1413.0,258419.0
3642,11976,,1190.0,458.0,641.0,213351.0
3650,11977,,1183.0,515.0,646.0,107916.0
3658,11978,,1794.0,649.0,940.0,180990.0
3666,11980,,2114.0,795.0,1075.0,135749.0
3674,12007,,103.0,42.0,37.0,5354.0
3682,12008,,229.0,117.0,145.0,14808.0
3690,12009,,3444.0,1573.0,1992.0,240329.0
3698,12010,,13158.0,4493.0,7392.0,553160.0
3706,12015,,1584.0,707.0,892.0,92913.0
3714,12017,,185.0,78.0,79.0,10706.0
3722,12018,,3750.0,1749.0,2165.0,236501.0
3730,12019,,7222.0,3588.0,4318.0,514887.0
3738,12020,,14901.0,6577.0,8814.0,858587.0
3746,12022,,446.0,203.0,244.0,18370.0
3754,12023,,995.0,482.0,556.0,51431.0
3762,12025,,2668.0,1097.0,1577.0,127104.0
3770,12027,,1954.0,1022.0,1300.0,143008.0
3778,12028,,563.0,260.0,339.0,27976.0
3786,12029,,495.0,213.0,224.0,33003.0
3794,12031,,142.0,53.0,87.0,5127.0
3802,12032,,511.0,212.0,211.0,34811.0
3810,12033,,3920.0,1717.0,2226.0,243011.0
3818,12035,,433.0,175.0,221.0,17449.0
3826,12036,,111.0,59.0,66.0,5076.0
3834,12037,,1753.0,660.0,910.0,87192.0
3842,12041,,294.0,135.0,163.0,15325.0
3850,12042,,242.0,101.0,127.0,11293.0
3858,12043,,3149.0,1259.0,1666.0,214027.0
3866,12046,,344.0,142.0,198.0,18306.0
3874,12047,,9375.0,2973.0,4761.0,430477.0
3882,12051,,1692.0,630.0,1002.0,87156.0
3890,12052,,717.0,333.0,400.0,38614.0
3898,12053,,2070.0,1028.0,1229.0,126747.0
3906,12054,,8471.0,3872.0,5163.0,705898.0
3914,12056,,1156.0,588.0,622.0,69916.0
3922,12057,,752.0,350.0,456.0,31780.0
3930,12058,,640.0,300.0,378.0,31649.0
3938,12059,,812.0,367.0,398.0,46207.0
3946,12060,,655.0,300.0,308.0,39867.0
3954,12061,,4797.0,1948.0,2475.0,327267.0
3962,12062,,843.0,364.0,450.0,41399.0
3970,12063,,321.0,128.0,157.0,21157.0
3978,12064,,223.0,98.0,168.0,7171.0
3986,12065,,21173.0,9222.0,12125.0,1466715.0
3994,12066,,996.0,482.0,574.0,51891.0
4002,12067,,751.0,330.0,354.0,46475.0
4010,12068,,1337.0,536.0,880.0,58711.0
4018,12070,,677.0,290.0,381.0,37256.0
4026,12071,,135.0,63.0,80.0,5257.0
4034,12072,,1189.0,504.0,765.0,53100.0
4042,12074,,1458.0,698.0,748.0,80413.0
4050,12075,,1453.0,697.0,873.0,83264.0
4058,12076,,568.0,263.0,286.0,24632.0
4066,12077,,3042.0,1417.0,1934.0,234199.0
4074,12078,,10140.0,3587.0,6020.0,383894.0
4082,12083,,1793.0,788.0,995.0,97491.0
4090,12084,,2305.0,839.0,1005.0,156146.0
4098,12085,,264.0,71.0,112.0,11387.0
4106,12086,,964.0,430.0,448.0,48676.0
4114,12087,,597.0,268.0,353.0,30061.0
4122,12090,,2664.0,1129.0,1676.0,117690.0
4130,12092,,574.0,247.0,321.0,26920.0
4138,12093,,637.0,300.0,393.0,28375.0
4146,12094,,1081.0,501.0,659.0,56411.0
4154,12095,,5673.0,2167.0,3186.0,233207.0
4162,12106,,1302.0,568.0,627.0,81245.0
4170,12108,,208.0,112.0,84.0,11478.0
4178,12110,,10043.0,4052.0,5165.0,612373.0
4186,12116,,802.0,356.0,395.0,32734.0
4194,12117,,1575.0,631.0,810.0,69138.0
4202,12118,,6849.0,2772.0,3706.0,369164.0
4210,12120,,263.0,128.0,134.0,12495.0
4218,12121,,919.0,467.0,534.0,56106.0
4226,12122,,1941.0,829.0,1004.0,84468.0
4234,12123,,2530.0,1064.0,1289.0,138466.0
4242,12125,,742.0,251.0,303.0,36917.0
4250,12130,,556.0,210.0,285.0,27514.0
4258,12131,,106.0,53.0,62.0,4402.0
4266,12134,,1720.0,811.0,890.0,74295.0
4274,12136,,456.0,206.0,192.0,36557.0
4282,12137,,879.0,384.0,466.0,47121.0
4290,12138,,1319.0,611.0,760.0,63532.0
4298,12139,,133.0,59.0,62.0,6420.0
4306,12140,,874.0,408.0,486.0,51212.0
4314,12143,,2452.0,959.0,1419.0,118883.0
4322,12144,,10244.0,3381.0,4935.0,521025.0
4330,12147,,300.0,141.0,125.0,60412.0
4338,12148,,2220.0,1201.0,1434.0,197694.0
4346,12149,,928.0,403.0,576.0,39019.0
4354,12150,,463.0,192.0,229.0,22855.0
4362,12151,,444.0,164.0,179.0,24558.0
4370,12153,,515.0,232.0,234.0,28827.0
4378,12154,,1432.0,661.0,822.0,78906.0
4386,12155,,750.0,334.0,423.0,29900.0
4394,12156,,425.0,180.0,227.0,27733.0
4402,12157,,1883.0,858.0,969.0,95339.0
4410,12158,,3052.0,1351.0,1831.0,185943.0
4418,12159,,4160.0,1900.0,2603.0,445416.0
4426,12160,,443.0,213.0,243.0,21038.0
4434,12164,,271.0,137.0,117.0,11937.0
4442,12165,,216.0,109.0,86.0,30888.0
4450,12166,,625.0,276.0,372.0,25274.0
4458,12167,,1088.0,469.0,555.0,46649.0
4466,12168,,940.0,399.0,450.0,43091.0
4474,12169,,120.0,61.0,86.0,6071.0
4482,12170,,2416.0,1079.0,1425.0,125983.0
4490,12173,,745.0,353.0,400.0,37999.0
4498,12175,,340.0,158.0,176.0,14639.0
4506,12180,,22399.0,6389.0,11277.0,982186.0
4514,12182,,6996.0,2182.0,3726.0,289814.0
4522,12183,,1403.0,357.0,612.0,54911.0
4530,12184,,3093.0,1438.0,1835.0,200518.0
4538,12185,,926.0,409.0,561.0,49560.0
4546,12186,,3289.0,1554.0,1812.0,252844.0
4554,12187,,405.0,167.0,228.0,17015.0
4562,12188,,5757.0,2187.0,2925.0,305177.0
4570,12189,,8776.0,2328.0,4182.0,382008.0
4578,12190,,343.0,155.0,155.0,15570.0
4586,12192,,681.0,305.0,359.0,34238.0
4594,12193,,1031.0,461.0,560.0,58509.0
4602,12194,,107.0,56.0,54.0,4632.0
4610,12196,,1553.0,728.0,876.0,101090.0
4618,12197,,956.0,405.0,532.0,39315.0
4626,12198,,3873.0,1738.0,2203.0,249309.0
4634,12202,,4124.0,428.0,2600.0,108163.0
4642,12203,,13380.0,3875.0,4486.0,770371.0
4650,12204,,3758.0,934.0,1835.0,238516.0
4658,12205,,14452.0,5035.0,6519.0,694731.0
4666,12206,,6757.0,1004.0,4246.0,203561.0
4674,12207,,683.0,42.0,429.0,19039.0
4682,12208,,9746.0,2614.0,3507.0,503391.0
4690,12209,,5084.0,1174.0,2521.0,209813.0
4698,12210,,4526.0,446.0,1942.0,155134.0
4706,12211,,5960.0,2725.0,3042.0,630687.0
4714,12302,,13912.0,6076.0,7266.0,800618.0
4722,12303,,14461.0,5387.0,8453.0,761099.0
4730,12304,,9989.0,3003.0,5715.0,380760.0
4738,12305,,1814.0,200.0,489.0,64573.0
4746,12306,,13232.0,5001.0,6666.0,654979.0
4754,12307,,2617.0,435.0,2452.0,54857.0
4762,12308,,6131.0,1558.0,3753.0,236800.0
4770,12309,,14912.0,6932.0,8530.0,1211884.0
4778,12401,,15558.0,4961.0,8173.0,714597.0
4786,12404,,1602.0,644.0,892.0,88876.0
4794,12405,,316.0,138.0,182.0,14890.0
4802,12406,,315.0,104.0,155.0,10435.0
4810,12407,,117.0,53.0,89.0,4761.0
4818,12409,,483.0,175.0,151.0,31212.0
4826,12410,,181.0,72.0,74.0,8493.0
4834,12411,,262.0,97.0,140.0,11316.0
4842,12412,,352.0,134.0,196.0,17525.0
4850,12413,,1422.0,483.0,750.0,56005.0
4858,12414,,4539.0,1605.0,2410.0,206557.0
4866,12416,,104.0,32.0,50.0,3893.0
4874,12418,,233.0,91.0,132.0,14203.0
4882,12419,,363.0,142.0,197.0,20700.0
4890,12421,,162.0,76.0,61.0,10017.0
4898,12422,,134.0,57.0,79.0,6783.0
4906,12423,,462.0,186.0,246.0,23183.0
4914,12424,,98.0,46.0,37.0,5006.0
4922,12427,,207.0,79.0,145.0,8008.0
4930,12428,,2592.0,855.0,1863.0,103841.0
4938,12430,,428.0,197.0,230.0,19068.0
4946,12431,,659.0,300.0,395.0,31532.0
4954,12433,,204.0,88.0,82.0,14701.0
4962,12434,,330.0,128.0,168.0,12632.0
4970,12435,,186.0,82.0,102.0,7898.0
4978,12439,,178.0,66.0,85.0,8057.0
4986,12440,,965.0,363.0,410.0,52758.0
4994,12442,,461.0,152.0,177.0,19795.0
5002,12443,,1988.0,921.0,1039.0,129923.0
5010,12444,,163.0,72.0,54.0,8276.0
5018,12446,,2223.0,843.0,1344.0,105713.0
5026,12448,,125.0,46.0,54.0,8578.0
5034,12449,,1669.0,608.0,894.0,75388.0
5042,12451,,813.0,339.0,374.0,38234.0
5050,12454,,122.0,63.0,63.0,6237.0
5058,12455,,780.0,347.0,360.0,33129.0
5066,12456,,406.0,162.0,270.0,16892.0
5074,12457,,307.0,130.0,145.0,19007.0
5082,12458,,1083.0,403.0,608.0,48350.0
5090,12460,,143.0,56.0,81.0,6014.0
5098,12461,,764.0,317.0,359.0,38323.0
5106,12463,,703.0,290.0,314.0,34694.0
5114,12464,,493.0,164.0,211.0,28213.0
5122,12465,,113.0,35.0,42.0,4061.0
5130,12466,,1573.0,541.0,763.0,79419.0
5138,12468,,481.0,202.0,277.0,20111.0
5146,12469,,291.0,134.0,156.0,14967.0
5154,12470,,216.0,94.0,154.0,8301.0
5162,12472,,869.0,291.0,371.0,40256.0
5170,12473,,401.0,178.0,211.0,18649.0
5178,12474,,550.0,247.0,280.0,24193.0
5186,12477,,8647.0,3429.0,4518.0,415970.0
5194,12480,,285.0,91.0,120.0,10568.0
5202,12481,,670.0,281.0,317.0,36685.0
5210,12482,,407.0,142.0,205.0,14721.0
5218,12484,,1444.0,631.0,713.0,91673.0
5226,12485,,499.0,165.0,244.0,20677.0
5234,12486,,762.0,330.0,363.0,41630.0
5242,12487,,1364.0,583.0,755.0,73813.0
5250,12491,,1006.0,391.0,452.0,57480.0
5258,12492,,125.0,51.0,34.0,7341.0
5266,12494,,361.0,168.0,145.0,20105.0
5274,12495,,160.0,49.0,47.0,11666.0
5282,12496,,696.0,274.0,343.0,29740.0
5290,12498,,2464.0,936.0,925.0,167780.0
5298,12501,,1033.0,404.0,592.0,69153.0
5306,12502,,480.0,223.0,206.0,29095.0
5314,12503,,317.0,136.0,172.0,16665.0
5322,12508,,8122.0,2633.0,4625.0,422448.0
5330,12513,,641.0,263.0,223.0,37636.0
5338,12514,,1314.0,658.0,834.0,105630.0
5346,12515,,790.0,315.0,498.0,38843.0
5354,12516,,749.0,303.0,360.0,35098.0
5362,12517,,212.0,79.0,111.0,9120.0
5370,12518,,2845.0,1197.0,1810.0,215524.0
5378,12520,,1593.0,723.0,944.0,127532.0
5386,12521,,740.0,321.0,384.0,42571.0
5394,12522,,2272.0,933.0,1330.0,113020.0
5402,12523,,851.0,358.0,400.0,43223.0
5410,12524,,7245.0,2959.0,3790.0,479843.0
5418,12525,,1711.0,697.0,926.0,116727.0
5426,12526,,1768.0,733.0,943.0,95260.0
5434,12528,,6080.0,2506.0,3752.0,351614.0
5442,12529,,1106.0,440.0,574.0,64370.0
5450,12531,,1565.0,701.0,1024.0,119031.0
5458,12533,,11565.0,5817.0,8746.0,947146.0
5466,12534,,7234.0,2384.0,3660.0,315900.0
5474,12538,,6463.0,2565.0,3330.0,366182.0
5482,12540,,3538.0,1820.0,2782.0,312940.0
5490,12542,,2834.0,1185.0,1804.0,171771.0
5498,12543,,1426.0,473.0,932.0,68192.0
5506,12545,,2216.0,879.0,1141.0,190259.0
5514,12546,,1362.0,566.0,673.0,77053.0
5522,12547,,1329.0,571.0,822.0,86385.0
5530,12548,,785.0,317.0,477.0,41802.0
5538,12549,,4668.0,2104.0,3247.0,311153.0
5546,12550,,23728.0,7085.0,17517.0,1151353.0
5554,12553,,11497.0,4410.0,7459.0,680886.0
5562,12561,,6892.0,2582.0,3385.0,430506.0
5570,12563,,3476.0,1569.0,2153.0,231488.0
5578,12564,,3239.0,1451.0,2043.0,256385.0
5586,12565,,828.0,291.0,547.0,34897.0
5594,12566,,4637.0,2070.0,3225.0,267738.0
5602,12567,,1283.0,537.0,666.0,90324.0
5610,12569,,4833.0,2101.0,2917.0,327159.0
5618,12570,,3244.0,1708.0,2664.0,268205.0
5626,12571,,4464.0,2006.0,2686.0,279958.0
5634,12572,,4462.0,1833.0,2016.0,447043.0
5642,12575,,1048.0,519.0,754.0,75729.0
5650,12577,,925.0,434.0,694.0,68758.0
5658,12578,,1093.0,523.0,694.0,100207.0
5666,12580,,1868.0,844.0,1035.0,126791.0
5674,12581,,1008.0,421.0,490.0,63934.0
5682,12582,,2205.0,1119.0,1580.0,168342.0
5690,12583,,1045.0,406.0,646.0,60849.0
5698,12585,,435.0,226.0,281.0,32553.0
5706,12586,,5846.0,2313.0,4024.0,321380.0
5714,12589,,6286.0,2693.0,3940.0,349379.0
5722,12590,,17292.0,7209.0,10447.0,1074330.0
5730,12592,,608.0,220.0,321.0,29439.0
5738,12594,,1891.0,805.0,1376.0,100950.0
5746,12601,,17035.0,4635.0,11136.0,758680.0
5754,12603,,20350.0,8379.0,12327.0,1320169.0
5762,12701,,4465.0,1291.0,3131.0,173727.0
5770,12719,,448.0,181.0,239.0,21783.0
5778,12720,,155.0,54.0,86.0,12557.0
5786,12721,,2966.0,1192.0,2078.0,158165.0
5794,12723,,731.0,295.0,328.0,33837.0
5802,12725,,168.0,47.0,49.0,7155.0
5810,12726,,505.0,205.0,244.0,25664.0
5818,12729,,821.0,314.0,539.0,39179.0
5826,12732,,388.0,163.0,188.0,20921.0
5834,12733,,246.0,129.0,532.0,8893.0
5842,12734,,578.0,169.0,426.0,22086.0
5850,12737,,839.0,363.0,525.0,42753.0
5858,12738,,120.0,34.0,65.0,4915.0
5866,12740,,944.0,432.0,530.0,55075.0
5874,12741,,168.0,64.0,98.0,8655.0
5882,12742,,206.0,63.0,129.0,8457.0
5890,12743,,146.0,56.0,60.0,7546.0
5898,12745,,100.0,39.0,57.0,4626.0
5906,12746,,592.0,243.0,352.0,26983.0
5914,12747,,818.0,312.0,467.0,34568.0
5922,12748,,915.0,365.0,502.0,46509.0
5930,12750,,102.0,40.0,42.0,4017.0
5938,12751,,383.0,154.0,468.0,13679.0
5946,12752,,123.0,47.0,49.0,6579.0
5954,12754,,2766.0,858.0,1801.0,117755.0
5962,12758,,1701.0,687.0,994.0,76120.0
5970,12759,,762.0,201.0,528.0,22608.0
5978,12760,,231.0,92.0,113.0,12251.0
5986,12762,,267.0,99.0,172.0,12646.0
5994,12763,,392.0,150.0,249.0,16945.0
6002,12764,,745.0,319.0,384.0,32508.0
6010,12765,,425.0,190.0,295.0,23585.0
6018,12766,,149.0,58.0,112.0,6542.0
6026,12768,,433.0,174.0,245.0,20796.0
6034,12770,,125.0,53.0,64.0,5828.0
6042,12771,,6214.0,2291.0,4307.0,281944.0
6050,12775,,1208.0,496.0,747.0,79750.0
6058,12776,,876.0,366.0,416.0,47266.0
6066,12777,,376.0,175.0,162.0,26293.0
6074,12779,,887.0,227.0,708.0,33393.0
6082,12780,,1119.0,496.0,666.0,55725.0
6090,12783,,623.0,238.0,405.0,25978.0
6098,12786,,279.0,119.0,149.0,14596.0
6106,12787,,272.0,109.0,126.0,12435.0
6114,12788,,899.0,332.0,579.0,41531.0
6122,12789,,728.0,229.0,501.0,33147.0
6130,12790,,2157.0,800.0,1151.0,103203.0
6138,12791,,329.0,122.0,170.0,17992.0
6146,12792,,216.0,85.0,110.0,10656.0
6154,12801,,7580.0,2214.0,3793.0,297900.0
6162,12803,,3790.0,1506.0,2075.0,165842.0
6170,12804,,13078.0,5657.0,7273.0,742773.0
6178,12808,,167.0,87.0,39.0,9511.0
6186,12809,,1619.0,739.0,914.0,70806.0
6194,12810,,303.0,140.0,162.0,11159.0
6202,12814,,888.0,349.0,296.0,53960.0
6210,12815,,523.0,252.0,201.0,24951.0
6218,12816,,2064.0,908.0,1113.0,90661.0
6226,12817,,1153.0,510.0,489.0,53930.0
6234,12819,,138.0,66.0,98.0,5358.0
6242,12821,,166.0,57.0,83.0,6288.0
6250,12822,,2766.0,1204.0,1739.0,111829.0
6258,12823,,155.0,79.0,77.0,6425.0
6266,12824,,417.0,199.0,202.0,26041.0
6274,12827,,1878.0,852.0,1036.0,80371.0
6282,12828,,4485.0,1781.0,2511.0,184425.0
6290,12831,,7846.0,3817.0,5272.0,482673.0
6298,12832,,2681.0,1115.0,1678.0,106917.0
6306,12833,,2150.0,992.0,1267.0,128708.0
6314,12834,,3039.0,1381.0,1718.0,153319.0
6322,12835,,1217.0,570.0,577.0,53657.0
6330,12836,,295.0,142.0,101.0,15341.0
6338,12837,,336.0,149.0,197.0,13658.0
6346,12838,,346.0,157.0,213.0,14439.0
6354,12839,,6262.0,2181.0,3385.0,231169.0
6362,12842,,618.0,256.0,234.0,24037.0
6370,12843,,258.0,133.0,121.0,10871.0
6378,12844,,158.0,86.0,53.0,12168.0
6386,12845,,2533.0,1002.0,1177.0,157168.0
6394,12846,,1625.0,673.0,820.0,72411.0
6402,12847,,346.0,160.0,116.0,18080.0
6410,12849,,324.0,147.0,171.0,14551.0
6418,12850,,1285.0,621.0,768.0,76596.0
6426,12851,,166.0,77.0,52.0,6124.0
6434,12852,,236.0,108.0,99.0,10916.0
6442,12853,,632.0,271.0,363.0,24654.0
6450,12855,,102.0,58.0,52.0,4226.0
6458,12857,,272.0,124.0,131.0,10166.0
6466,12859,,1008.0,453.0,623.0,49394.0
6474,12860,,375.0,147.0,190.0,11700.0
6482,12861,,260.0,139.0,134.0,16199.0
6490,12863,,311.0,121.0,148.0,15689.0
6498,12865,,1614.0,721.0,888.0,70239.0
6506,12866,,17875.0,6943.0,8166.0,1757020.0
6514,12870,,800.0,397.0,405.0,32558.0
6522,12871,,1886.0,771.0,1190.0,89151.0
6530,12873,,387.0,161.0,185.0,17227.0
6538,12878,,313.0,139.0,134.0,12050.0
6546,12883,,2211.0,885.0,1321.0,92636.0
6554,12885,,2172.0,867.0,1106.0,80697.0
6562,12886,,113.0,54.0,63.0,5512.0
6570,12887,,2122.0,862.0,1254.0,79541.0
6578,12901,,14176.0,4736.0,6583.0,679924.0
6586,12903,,677.0,249.0,234.0,38637.0
6594,12910,,754.0,349.0,461.0,31306.0
6602,12912,,1009.0,442.0,504.0,43031.0
6610,12913,,509.0,234.0,300.0,22776.0
6618,12914,,334.0,155.0,243.0,12984.0
6626,12916,,843.0,371.0,586.0,32085.0
6634,12917,,610.0,264.0,428.0,23329.0
6642,12918,,1131.0,519.0,625.0,55157.0
6650,12919,,1586.0,638.0,927.0,70578.0
6658,12920,,1014.0,472.0,633.0,45236.0
6666,12921,,1185.0,516.0,673.0,64827.0
6674,12923,,239.0,109.0,144.0,8933.0
6682,12926,,879.0,398.0,524.0,32477.0
6690,12928,,895.0,419.0,524.0,37441.0
6698,12930,,248.0,120.0,176.0,10277.0
6706,12932,,623.0,246.0,284.0,29719.0
6714,12934,,380.0,197.0,242.0,14604.0
6722,12935,,684.0,315.0,427.0,30274.0
6730,12936,,309.0,138.0,129.0,14330.0
6738,12937,,618.0,286.0,437.0,22618.0
6746,12941,,646.0,292.0,300.0,26945.0
6754,12942,,296.0,128.0,131.0,18917.0
6762,12943,,214.0,88.0,86.0,11448.0
6770,12944,,1752.0,782.0,974.0,71620.0
6778,12945,,340.0,150.0,170.0,16771.0
6786,12946,,2714.0,954.0,1177.0,149051.0
6794,12950,,380.0,160.0,238.0,13586.0
6802,12952,,264.0,121.0,118.0,11213.0
6810,12953,,4859.0,1921.0,2905.0,205027.0
6818,12955,,157.0,70.0,76.0,6396.0
6826,12956,,508.0,195.0,268.0,18469.0
6834,12957,,726.0,318.0,489.0,25755.0
6842,12958,,869.0,381.0,500.0,36932.0
6850,12959,,614.0,278.0,396.0,26248.0
6858,12960,,492.0,229.0,308.0,21007.0
6866,12961,,118.0,51.0,84.0,5319.0
6874,12962,,2575.0,1279.0,1480.0,141306.0
6882,12965,,226.0,108.0,161.0,7733.0
6890,12966,,1182.0,527.0,798.0,44186.0
6898,12967,,460.0,194.0,354.0,24794.0
6906,12969,,175.0,80.0,98.0,7189.0
6914,12970,,172.0,67.0,69.0,7237.0
6922,12972,,2923.0,1396.0,1846.0,155671.0
6930,12974,,669.0,268.0,370.0,25336.0
6938,12978,,194.0,83.0,124.0,7574.0
6946,12979,,1205.0,454.0,553.0,60522.0
6954,12980,,594.0,249.0,350.0,22376.0
6962,12981,,1094.0,477.0,558.0,51382.0
6970,12983,,3630.0,1243.0,1644.0,174803.0
6978,12985,,522.0,221.0,294.0,21327.0
6986,12986,,2749.0,988.0,1383.0,127132.0
6994,12987,,131.0,68.0,61.0,6361.0
7002,12989,,453.0,204.0,185.0,22743.0
7010,12992,,2240.0,1038.0,1287.0,96612.0
7018,12993,,764.0,343.0,399.0,37562.0
7026,12996,,944.0,406.0,431.0,38898.0
7034,12997,,556.0,253.0,285.0,22864.0
7042,12998,,217.0,78.0,145.0,7772.0
7050,13021,,18327.0,6500.0,9946.0,833509.0
7058,13026,,641.0,279.0,322.0,31715.0
7066,13027,,15530.0,6915.0,9238.0,961024.0
7074,13028,,571.0,264.0,336.0,24163.0
7082,13029,,3267.0,1482.0,2067.0,201519.0
7090,13030,,2059.0,838.0,975.0,91559.0
7098,13031,,7941.0,3484.0,4502.0,463643.0
7106,13032,,5814.0,2420.0,3370.0,252465.0
7114,13033,,1664.0,806.0,1117.0,72442.0
7122,13034,,831.0,385.0,461.0,39237.0
7130,13035,,3591.0,1725.0,2257.0,319010.0
7138,13036,,4102.0,1731.0,2455.0,183380.0
7146,13037,,4178.0,1881.0,2481.0,209340.0
7154,13039,,8343.0,3952.0,5616.0,517035.0
7162,13040,,1186.0,560.0,784.0,45487.0
7170,13041,,5029.0,2353.0,3258.0,279554.0
7178,13042,,991.0,436.0,592.0,41421.0
7186,13044,,1255.0,573.0,715.0,57682.0
7194,13045,,11208.0,4138.0,6190.0,491296.0
7202,13052,,855.0,404.0,525.0,36267.0
7210,13053,,2149.0,892.0,1207.0,106724.0
7218,13054,,726.0,304.0,470.0,30061.0
7226,13057,,7816.0,2892.0,3868.0,369875.0
7234,13060,,1394.0,587.0,778.0,65063.0
7242,13061,,497.0,226.0,237.0,24480.0
7250,13063,,866.0,423.0,589.0,47423.0
7258,13066,,6341.0,2915.0,3702.0,664771.0
7266,13068,,2413.0,992.0,1342.0,115989.0
7274,13069,,10951.0,4373.0,7242.0,433160.0
7282,13071,,489.0,216.0,296.0,20975.0
7290,13072,,360.0,152.0,252.0,12486.0
7298,13073,,2898.0,1287.0,1855.0,133831.0
7306,13074,,1873.0,843.0,1362.0,73122.0
7314,13076,,1045.0,483.0,708.0,47252.0
7322,13077,,3148.0,1356.0,1900.0,152922.0
7330,13078,,4313.0,2217.0,2788.0,413106.0
7338,13080,,1720.0,765.0,1032.0,80595.0
7346,13081,,539.0,240.0,271.0,26877.0
7354,13082,,2279.0,991.0,1209.0,102519.0
7362,13083,,805.0,374.0,528.0,34320.0
7370,13084,,2205.0,978.0,1239.0,126953.0
7378,13088,,11802.0,3998.0,4981.0,540372.0
7386,13090,,14738.0,6153.0,9011.0,821213.0
7394,13092,,1083.0,516.0,691.0,48448.0
7402,13101,,1180.0,503.0,704.0,47113.0
7410,13103,,163.0,56.0,137.0,4930.0
7418,13104,,7396.0,3713.0,5355.0,774020.0
7426,13108,,2989.0,1436.0,1875.0,184725.0
7434,13110,,1130.0,517.0,642.0,63469.0
7442,13111,,719.0,288.0,495.0,24612.0
7450,13112,,914.0,428.0,493.0,46030.0
7458,13114,,2892.0,1299.0,1894.0,131826.0
7466,13116,,1693.0,713.0,964.0,80090.0
7474,13118,,2430.0,1031.0,1472.0,102329.0
7482,13120,,1046.0,357.0,770.0,42393.0
7490,13122,,476.0,237.0,365.0,24733.0
7498,13126,,14332.0,5704.0,8311.0,673066.0
7506,13131,,1687.0,745.0,1065.0,71847.0
7514,13132,,1918.0,852.0,1153.0,89187.0
7522,13135,,3024.0,1337.0,2015.0,141068.0
7530,13136,,213.0,95.0,134.0,6941.0
7538,13140,,1950.0,807.0,1181.0,73690.0
7546,13141,,344.0,147.0,202.0,14240.0
7554,13142,,2764.0,1209.0,1787.0,122826.0
7562,13143,,1207.0,521.0,803.0,47113.0
7570,13144,,552.0,244.0,428.0,19807.0
7578,13145,,837.0,361.0,544.0,34244.0
7586,13146,,914.0,427.0,718.0,35200.0
7594,13147,,523.0,238.0,296.0,23183.0
7602,13148,,4917.0,1968.0,2673.0,218416.0
7610,13152,,3962.0,1967.0,2360.0,387612.0
7618,13155,,277.0,123.0,201.0,10821.0
7626,13156,,775.0,366.0,468.0,33209.0
7634,13158,,613.0,276.0,439.0,24213.0
7642,13159,,2460.0,1195.0,1619.0,154092.0
7650,13160,,921.0,438.0,516.0,43843.0
7658,13164,,1104.0,557.0,798.0,61052.0
7666,13165,,4998.0,1992.0,2836.0,197378.0
7674,13166,,2613.0,1110.0,1554.0,117842.0
7682,13167,,1547.0,730.0,936.0,73302.0
7690,13202,,1521.0,173.0,947.0,47037.0
7698,13203,,6053.0,1306.0,3362.0,214255.0
7706,13204,,7723.0,1171.0,5157.0,210159.0
7714,13205,,7378.0,1410.0,5200.0,218336.0
7722,13206,,8384.0,2031.0,3708.0,295985.0
7730,13207,,6200.0,1520.0,4045.0,232671.0
7738,13208,,9034.0,2059.0,5637.0,258391.0
7746,13209,,6714.0,2392.0,3234.0,289237.0
7754,13210,,6559.0,1315.0,3010.0,245541.0
7762,13211,,3339.0,927.0,1788.0,110179.0
7770,13212,,10303.0,3726.0,4826.0,450331.0
7778,13214,,3684.0,1409.0,2006.0,212200.0
7786,13215,,6933.0,3305.0,4572.0,504494.0
7794,13219,,8087.0,3153.0,4131.0,398753.0
7802,13224,,4134.0,1298.0,2465.0,240856.0
7810,13302,,681.0,284.0,490.0,22383.0
7818,13303,,536.0,258.0,314.0,27701.0
7826,13304,,896.0,391.0,474.0,52814.0
7834,13308,,1503.0,625.0,936.0,58536.0
7842,13309,,2728.0,1148.0,1526.0,111264.0
7850,13310,,295.0,127.0,180.0,11574.0
7858,13314,,243.0,118.0,134.0,9098.0
7866,13315,,580.0,269.0,325.0,22360.0
7874,13316,,2811.0,1252.0,1848.0,112286.0
7882,13317,,1626.0,683.0,1007.0,67810.0
7890,13318,,563.0,265.0,334.0,24089.0
7898,13319,,484.0,157.0,301.0,16710.0
7906,13320,,885.0,408.0,477.0,35593.0
7914,13322,,569.0,246.0,319.0,24898.0
7922,13323,,4568.0,1942.0,2318.0,280892.0
7930,13324,,860.0,379.0,528.0,34362.0
7938,13325,,417.0,180.0,236.0,15164.0
7946,13326,,2617.0,1096.0,1208.0,167100.0
7954,13327,,990.0,482.0,582.0,37594.0
7962,13328,,560.0,246.0,286.0,25388.0
7970,13329,,1569.0,672.0,983.0,58174.0
7978,13331,,147.0,69.0,32.0,6146.0
7986,13332,,1053.0,496.0,724.0,41988.0
7994,13334,,558.0,254.0,371.0,20535.0
8002,13335,,705.0,316.0,457.0,29457.0
8010,13337,,413.0,189.0,218.0,26168.0
8018,13338,,608.0,253.0,283.0,23874.0
8026,13339,,2552.0,1078.0,1755.0,92232.0
8034,13340,,3735.0,1550.0,2211.0,158334.0
8042,13342,,111.0,57.0,52.0,4702.0
8050,13343,,759.0,350.0,410.0,31886.0
8058,13346,,1933.0,818.0,892.0,117202.0
8066,13348,,629.0,263.0,348.0,25812.0
8074,13350,,3914.0,1474.0,2203.0,152803.0
8082,13354,,1559.0,726.0,998.0,78112.0
8090,13355,,322.0,161.0,251.0,13435.0
8098,13357,,4882.0,1945.0,2985.0,191787.0
8106,13360,,216.0,99.0,86.0,9503.0
8114,13361,,262.0,132.0,243.0,9234.0
8122,13363,,1131.0,495.0,690.0,50590.0
8130,13365,,3702.0,1468.0,2266.0,150642.0
8138,13367,,3597.0,1743.0,2401.0,153647.0
8146,13368,,542.0,216.0,297.0,20918.0
8154,13402,,642.0,265.0,411.0,24593.0
8162,13403,,2167.0,1019.0,1200.0,123880.0
8170,13406,,366.0,148.0,210.0,14410.0
8178,13407,,2449.0,1027.0,1392.0,94899.0
8186,13408,,1106.0,467.0,644.0,50759.0
8194,13409,,1091.0,435.0,708.0,42300.0
8202,13411,,1381.0,613.0,875.0,48130.0
8210,13413,,7659.0,3452.0,4035.0,573488.0
8218,13416,,922.0,425.0,582.0,41445.0
8226,13417,,1731.0,493.0,695.0,66934.0
8234,13420,,821.0,357.0,308.0,38978.0
8242,13421,,6302.0,2344.0,3761.0,271814.0
8250,13424,,1094.0,473.0,619.0,54283.0
8258,13425,,880.0,380.0,527.0,35928.0
8266,13428,,608.0,272.0,371.0,24230.0
8274,13431,,863.0,416.0,553.0,40096.0
8282,13433,,705.0,285.0,486.0,22131.0
8290,13437,,211.0,99.0,100.0,7903.0
8298,13438,,1649.0,722.0,828.0,77587.0
8306,13439,,1809.0,767.0,988.0,69740.0
8314,13440,,18083.0,6822.0,9829.0,796117.0
8322,13450,,126.0,54.0,81.0,4764.0
8330,13452,,1918.0,795.0,1193.0,71220.0
8338,13454,,366.0,173.0,222.0,12553.0
8346,13456,,1965.0,890.0,1141.0,101355.0
8354,13459,,913.0,427.0,583.0,37642.0
8362,13460,,1998.0,821.0,1238.0,78520.0
8370,13461,,1542.0,683.0,819.0,78856.0
8378,13464,,469.0,211.0,274.0,16764.0
8386,13468,,247.0,108.0,101.0,10291.0
8394,13469,,372.0,169.0,258.0,19641.0
8402,13470,,286.0,141.0,165.0,10094.0
8410,13471,,1384.0,612.0,946.0,50791.0
8418,13473,,331.0,144.0,186.0,34556.0
8426,13476,,1650.0,625.0,923.0,70883.0
8434,13477,,620.0,261.0,399.0,25216.0
8442,13478,,1469.0,627.0,808.0,62119.0
8450,13480,,1513.0,655.0,920.0,64919.0
8458,13483,,113.0,53.0,88.0,4108.0
8466,13485,,394.0,191.0,270.0,14389.0
8474,13486,,408.0,181.0,209.0,18669.0
8482,13488,,146.0,65.0,81.0,4852.0
8490,13489,,306.0,136.0,205.0,12609.0
8498,13490,,717.0,299.0,414.0,32534.0
8506,13491,,1605.0,744.0,989.0,69820.0
8514,13492,,5891.0,2476.0,3045.0,310415.0
8522,13493,,845.0,363.0,595.0,31577.0
8530,13494,,161.0,87.0,63.0,6491.0
8538,13495,,1112.0,353.0,451.0,42119.0
8546,13501,,14690.0,4228.0,9660.0,509553.0
8554,13502,,14170.0,4506.0,7537.0,521427.0
8562,13601,,16554.0,6341.0,9964.0,724984.0
8570,13603,,3324.0,2596.0,4528.0,94008.0
8578,13605,,1981.0,921.0,1352.0,87307.0
8586,13606,,1284.0,590.0,849.0,65759.0
8594,13607,,1086.0,414.0,444.0,47650.0
8602,13608,,640.0,314.0,490.0,26637.0
8610,13612,,1248.0,598.0,802.0,54762.0
8618,13613,,974.0,446.0,696.0,39897.0
8626,13614,,110.0,52.0,99.0,3869.0
8634,13616,,819.0,401.0,527.0,28190.0
8642,13617,,3852.0,1605.0,2131.0,185696.0
8650,13618,,892.0,445.0,418.0,41022.0
8658,13619,,4272.0,1964.0,2976.0,172455.0
8666,13620,,804.0,432.0,629.0,32397.0
8674,13621,,272.0,106.0,177.0,10784.0
8682,13622,,1000.0,492.0,583.0,50009.0
8690,13624,,2227.0,1020.0,1187.0,105472.0
8698,13625,,887.0,435.0,473.0,40824.0
8706,13626,,930.0,444.0,609.0,41978.0
8714,13630,,516.0,243.0,352.0,19563.0
8722,13633,,105.0,59.0,73.0,3707.0
8730,13634,,1809.0,826.0,1079.0,84994.0
8738,13635,,437.0,182.0,290.0,14794.0
8746,13636,,165.0,72.0,89.0,6560.0
8754,13637,,1817.0,885.0,1271.0,63236.0
8762,13638,,201.0,82.0,139.0,6975.0
8770,13640,,197.0,95.0,52.0,15538.0
8778,13642,,3457.0,1567.0,2384.0,137398.0
8786,13646,,932.0,426.0,551.0,41508.0
8794,13648,,956.0,504.0,616.0,40400.0
8802,13650,,575.0,261.0,344.0,24670.0
8810,13652,,714.0,311.0,509.0,25240.0
8818,13654,,826.0,352.0,463.0,32355.0
8826,13655,,1092.0,412.0,1457.0,49215.0
8834,13656,,1146.0,549.0,866.0,43356.0
8842,13658,,1007.0,490.0,675.0,42902.0
8850,13659,,242.0,124.0,147.0,10129.0
8858,13660,,784.0,383.0,560.0,33586.0
8866,13661,,647.0,309.0,415.0,27252.0
8874,13662,,7292.0,2910.0,4259.0,317505.0
8882,13664,,245.0,119.0,132.0,12840.0
8890,13665,,380.0,185.0,299.0,13753.0
8898,13667,,1367.0,583.0,839.0,52330.0
8906,13668,,1457.0,631.0,852.0,61787.0
8914,13669,,6540.0,2565.0,4011.0,290791.0
8922,13670,,154.0,65.0,111.0,4739.0
8930,13672,,364.0,157.0,187.0,15011.0
8938,13673,,1030.0,462.0,787.0,39713.0
8946,13676,,4952.0,1985.0,2786.0,226982.0
8954,13679,,814.0,384.0,500.0,34078.0
8962,13680,,437.0,214.0,290.0,16334.0
8970,13681,,355.0,180.0,288.0,13417.0
8978,13682,,399.0,212.0,296.0,20238.0
8986,13684,,457.0,233.0,316.0,17577.0
8994,13685,,1118.0,510.0,561.0,61125.0
9002,13687,,251.0,119.0,109.0,11466.0
9010,13690,,361.0,188.0,178.0,15023.0
9018,13691,,1291.0,622.0,928.0,53336.0
9026,13693,,277.0,139.0,93.0,12069.0
9034,13694,,692.0,318.0,361.0,37087.0
9042,13696,,114.0,50.0,53.0,4114.0
9050,13697,,866.0,410.0,610.0,34487.0
9058,13730,,1258.0,548.0,713.0,48282.0
9066,13731,,517.0,216.0,196.0,31455.0
9074,13732,,3841.0,1937.0,2391.0,217464.0
9082,13733,,2315.0,1018.0,1311.0,92918.0
9090,13734,,942.0,434.0,687.0,37658.0
9098,13736,,1119.0,537.0,687.0,45907.0
9106,13739,,429.0,177.0,213.0,16323.0
9114,13740,,221.0,110.0,99.0,12950.0
9122,13743,,1681.0,777.0,1040.0,72524.0
9130,13744,,570.0,259.0,298.0,22908.0
9138,13746,,1256.0,610.0,786.0,57398.0
9146,13748,,1843.0,794.0,1037.0,79822.0
9154,13750,,474.0,214.0,284.0,17287.0
9162,13751,,146.0,51.0,96.0,5043.0
9170,13752,,345.0,148.0,169.0,13926.0
9178,13753,,1908.0,780.0,911.0,89705.0
9186,13754,,1374.0,627.0,813.0,53815.0
9194,13755,,584.0,250.0,330.0,21686.0
9202,13756,,223.0,112.0,131.0,8341.0
9210,13757,,437.0,197.0,244.0,19036.0
9218,13760,,21457.0,8381.0,10684.0,1053050.0
9226,13775,,737.0,335.0,368.0,33511.0
9234,13776,,336.0,155.0,151.0,13451.0
9242,13777,,424.0,184.0,251.0,16071.0
9250,13778,,2585.0,1154.0,1550.0,116573.0
9258,13780,,469.0,221.0,291.0,19115.0
9266,13782,,310.0,143.0,166.0,12203.0
9274,13783,,1094.0,467.0,616.0,41955.0
9282,13786,,171.0,84.0,73.0,7501.0
9290,13787,,1594.0,683.0,1045.0,57269.0
9298,13788,,424.0,185.0,235.0,18118.0
9306,13790,,8740.0,2901.0,4150.0,339891.0
9314,13795,,1798.0,764.0,1012.0,78042.0
9322,13796,,596.0,246.0,312.0,24133.0
9330,13797,,938.0,393.0,565.0,37794.0
9338,13801,,492.0,217.0,301.0,16520.0
9346,13802,,450.0,204.0,283.0,19131.0
9354,13803,,1777.0,835.0,1222.0,69772.0
9362,13804,,215.0,95.0,121.0,8218.0
9370,13806,,115.0,46.0,55.0,4151.0
9378,13807,,606.0,251.0,321.0,24917.0
9386,13808,,795.0,348.0,483.0,32171.0
9394,13809,,713.0,320.0,403.0,27964.0
9402,13810,,518.0,218.0,272.0,21240.0
9410,13811,,2033.0,923.0,1264.0,89195.0
9418,13812,,1052.0,487.0,589.0,43241.0
9426,13813,,427.0,195.0,257.0,17445.0
9434,13815,,6061.0,2316.0,3545.0,255356.0
9442,13820,,7626.0,2757.0,3604.0,357596.0
9450,13825,,1516.0,681.0,849.0,62307.0
9458,13827,,5422.0,2407.0,3101.0,271266.0
9466,13830,,2113.0,918.0,1244.0,83116.0
9474,13832,,275.0,119.0,196.0,8764.0
9482,13833,,1950.0,834.0,1154.0,84022.0
9490,13835,,613.0,262.0,386.0,24767.0
9498,13838,,1981.0,762.0,1151.0,79665.0
9506,13839,,612.0,283.0,344.0,24125.0
9514,13841,,228.0,94.0,152.0,7888.0
9522,13842,,198.0,102.0,104.0,10001.0
9530,13843,,737.0,356.0,487.0,28999.0
9538,13844,,324.0,156.0,205.0,11740.0
9546,13846,,179.0,75.0,84.0,7576.0
9554,13849,,1988.0,879.0,1135.0,84509.0
9562,13850,,10247.0,4729.0,5579.0,691388.0
9570,13856,,2793.0,1188.0,1582.0,107877.0
9578,13861,,311.0,137.0,163.0,17073.0
9586,13862,,1904.0,827.0,1110.0,80082.0
9594,13863,,204.0,103.0,152.0,7275.0
9602,13864,,491.0,199.0,266.0,19690.0
9610,13865,,2784.0,1295.0,1817.0,129977.0
9618,13901,,8697.0,3117.0,4635.0,382212.0
9626,13903,,8666.0,3074.0,4683.0,420063.0
9634,13904,,4257.0,1463.0,2199.0,166482.0
9642,13905,,11274.0,3368.0,5105.0,461723.0
9650,14001,,4661.0,2106.0,2523.0,216676.0
9658,14004,,5174.0,2435.0,2860.0,257342.0
9666,14005,,889.0,387.0,607.0,38583.0
9674,14006,,4810.0,1922.0,2419.0,208357.0
9682,14008,,699.0,334.0,469.0,30973.0
9690,14009,,2526.0,1059.0,1371.0,106222.0
9698,14011,,2831.0,1269.0,1576.0,130149.0
9706,14012,,1073.0,521.0,708.0,45738.0
9714,14013,,793.0,308.0,560.0,29859.0
9722,14020,,10064.0,3610.0,5081.0,426233.0
9730,14024,,714.0,340.0,456.0,29723.0
9738,14025,,1511.0,703.0,878.0,86695.0
9746,14026,,413.0,163.0,194.0,19199.0
9754,14028,,704.0,349.0,452.0,38426.0
9762,14030,,739.0,337.0,439.0,29825.0
9770,14031,,4640.0,2191.0,2720.0,438072.0
9778,14032,,3453.0,1892.0,2985.0,301549.0
9786,14033,,1112.0,564.0,676.0,66878.0
9794,14034,,907.0,404.0,507.0,40584.0
9802,14036,,2371.0,1060.0,1282.0,105663.0
9810,14037,,597.0,303.0,317.0,32050.0
9818,14040,,1082.0,522.0,620.0,49535.0
9826,14041,,127.0,42.0,74.0,4396.0
9834,14042,,1666.0,756.0,1033.0,61504.0
9842,14043,,12921.0,4910.0,5536.0,551131.0
9850,14047,,3191.0,1360.0,1718.0,162804.0
9858,14048,,6607.0,2196.0,3612.0,267023.0
9866,14051,,9460.0,4979.0,6651.0,901893.0
9874,14052,,8589.0,4097.0,5090.0,601873.0
9882,14054,,656.0,311.0,392.0,29326.0
9890,14055,,668.0,320.0,321.0,34403.0
9898,14057,,3931.0,1818.0,2342.0,209724.0
9906,14058,,1073.0,538.0,711.0,52082.0
9914,14059,,4674.0,2243.0,2449.0,329695.0
9922,14060,,206.0,98.0,124.0,7413.0
9930,14062,,1580.0,710.0,871.0,66461.0
9938,14063,,5184.0,2189.0,2716.0,249013.0
9946,14065,,749.0,380.0,540.0,28936.0
9954,14066,,488.0,243.0,300.0,19604.0
9962,14067,,2378.0,1115.0,1401.0,106243.0
9970,14068,,3439.0,1594.0,2112.0,257064.0
9978,14069,,423.0,205.0,215.0,24170.0
9986,14070,,2325.0,841.0,1312.0,93970.0
9994,14072,,10050.0,4775.0,6035.0,665193.0
10002,14075,,21212.0,9135.0,11250.0,1199607.0
10010,14080,,2090.0,1019.0,1195.0,121381.0
10018,14081,,1226.0,408.0,813.0,58241.0
10026,14082,,246.0,116.0,117.0,10896.0
10034,14085,,3516.0,1782.0,2376.0,229067.0
10042,14086,,15805.0,7423.0,9684.0,933343.0
10050,14091,,593.0,227.0,390.0,24360.0
10058,14092,,5532.0,2455.0,2718.0,345903.0
10066,14094,,24098.0,9639.0,13270.0,1090553.0
10074,14098,,1394.0,612.0,973.0,55546.0
10082,14101,,810.0,365.0,485.0,33201.0
10090,14102,,638.0,325.0,397.0,41058.0
10098,14103,,4948.0,1896.0,3047.0,190388.0
10106,14105,,2108.0,990.0,1312.0,120296.0
10114,14108,,2755.0,1213.0,1630.0,141787.0
10122,14111,,1524.0,670.0,891.0,66012.0
10130,14113,,392.0,186.0,229.0,16926.0
10138,14120,,22179.0,9209.0,11409.0,1052823.0
10146,14125,,1764.0,801.0,1177.0,75487.0
10154,14127,,14886.0,6992.0,8832.0,1234801.0
10162,14129,,567.0,243.0,349.0,29525.0
10170,14131,,2552.0,1163.0,1449.0,127300.0
10178,14132,,2743.0,1254.0,1534.0,133268.0
10186,14134,,164.0,77.0,64.0,6603.0
10194,14136,,2306.0,944.0,1332.0,97960.0
10202,14138,,825.0,361.0,545.0,30908.0
10210,14139,,1163.0,555.0,605.0,64206.0
10218,14141,,3661.0,1563.0,2087.0,171315.0
10226,14143,,657.0,317.0,299.0,30461.0
10234,14145,,764.0,368.0,432.0,36781.0
10242,14150,,21562.0,7986.0,9327.0,892445.0
10250,14167,,775.0,344.0,368.0,35845.0
10258,14170,,1223.0,568.0,653.0,78720.0
10266,14171,,1007.0,433.0,535.0,41198.0
10274,14172,,1565.0,742.0,928.0,77138.0
10282,14174,,2899.0,1357.0,1576.0,179893.0
10290,14201,,4497.0,660.0,2352.0,135454.0
10298,14202,,1639.0,288.0,496.0,194512.0
10306,14203,,630.0,54.0,240.0,30582.0
10314,14204,,3200.0,438.0,2228.0,85187.0
10322,14206,,9363.0,2569.0,4771.0,288578.0
10330,14207,,9004.0,1984.0,6315.0,226609.0
10338,14208,,3546.0,486.0,2494.0,93957.0
10346,14209,,3509.0,606.0,1398.0,202603.0
10354,14210,,6186.0,1550.0,3858.0,181561.0
10362,14211,,8238.0,1155.0,6484.0,200135.0
10370,14212,,4091.0,874.0,2829.0,107540.0
10378,14213,,8240.0,1584.0,5797.0,199846.0
10386,14214,,7682.0,1810.0,3834.0,337156.0
10394,14215,,16478.0,2733.0,12122.0,483900.0
10402,14216,,11250.0,2889.0,4841.0,521340.0
10410,14217,,11701.0,3997.0,5339.0,511859.0
10418,14218,,8685.0,2553.0,4684.0,289933.0
10426,14219,,5915.0,1972.0,2828.0,236246.0
10434,14220,,11624.0,3605.0,6266.0,448929.0
10442,14221,,26466.0,11807.0,14066.0,2072456.0
10450,14222,,5905.0,1321.0,1541.0,357091.0
10458,14223,,12208.0,4617.0,5869.0,567707.0
10466,14224,,20911.0,8556.0,9930.0,1019684.0
10474,14225,,17634.0,5673.0,7786.0,663618.0
10482,14226,,14490.0,5458.0,7310.0,968135.0
10490,14227,,11934.0,4567.0,4654.0,510082.0
10498,14228,,8948.0,3336.0,4684.0,470001.0
10506,14301,,5104.0,1045.0,2908.0,132676.0
10514,14303,,2413.0,475.0,1367.0,63684.0
10522,14304,,15102.0,5528.0,7460.0,601907.0
10530,14305,,7196.0,2041.0,4529.0,245339.0
10538,14411,,5477.0,2061.0,3473.0,208479.0
10546,14414,,3402.0,1448.0,1932.0,168773.0
10554,14416,,1944.0,894.0,1160.0,84921.0
10562,14418,,574.0,275.0,283.0,25545.0
10570,14420,,7380.0,3134.0,4407.0,369881.0
10578,14422,,1066.0,485.0,608.0,51415.0
10586,14423,,2322.0,993.0,1284.0,106808.0
10594,14424,,13082.0,5169.0,6685.0,690684.0
10602,14425,,5139.0,2207.0,3266.0,254615.0
10610,14427,,1031.0,429.0,573.0,41942.0
10618,14428,,4176.0,1977.0,2379.0,224964.0
10626,14432,,2553.0,1053.0,1424.0,109470.0
10634,14433,,1952.0,787.0,1343.0,74126.0
10642,14435,,1456.0,682.0,757.0,80233.0
10650,14437,,4300.0,1843.0,2427.0,180763.0
10658,14441,,167.0,71.0,85.0,7150.0
10666,14445,,4060.0,1204.0,1843.0,158442.0
10674,14450,,20517.0,9686.0,12208.0,1472132.0
10682,14454,,2977.0,1264.0,1517.0,168914.0
10690,14456,,8502.0,2988.0,4667.0,364302.0
10698,14462,,305.0,150.0,193.0,13206.0
10706,14464,,3441.0,1536.0,2209.0,150732.0
10714,14466,,833.0,406.0,467.0,39725.0
10722,14467,,4668.0,1892.0,2437.0,229849.0
10730,14468,,8781.0,4285.0,5339.0,464963.0
10738,14469,,2800.0,1311.0,1581.0,140774.0
10746,14470,,3707.0,1615.0,2129.0,153872.0
10754,14471,,1455.0,634.0,638.0,67190.0
10762,14472,,4106.0,2044.0,2771.0,351976.0
10770,14475,,170.0,95.0,113.0,10939.0
10778,14476,,1023.0,501.0,604.0,47508.0
10786,14477,,789.0,367.0,462.0,33695.0
10794,14478,,461.0,227.0,193.0,24188.0
10802,14480,,496.0,155.0,234.0,18446.0
10810,14481,,900.0,392.0,464.0,39068.0
10818,14482,,4002.0,1673.0,2340.0,180288.0
10826,14485,,1953.0,894.0,1174.0,91397.0
10834,14486,,148.0,80.0,96.0,7077.0
10842,14487,,2775.0,1259.0,1779.0,145050.0
10850,14489,,3181.0,1238.0,1825.0,122765.0
10858,14502,,4880.0,2364.0,3221.0,268756.0
10866,14504,,868.0,304.0,402.0,31013.0
10874,14505,,2578.0,1185.0,1567.0,113234.0
10882,14506,,639.0,349.0,450.0,62587.0
10890,14507,,661.0,277.0,353.0,27412.0
10898,14510,,2303.0,819.0,1370.0,85298.0
10906,14512,,2238.0,1011.0,1257.0,102407.0
10914,14513,,6429.0,2343.0,3760.0,250142.0
10922,14514,,2752.0,1280.0,1802.0,146780.0
10930,14516,,1083.0,477.0,605.0,47885.0
10938,14517,,1270.0,566.0,755.0,54372.0
10946,14519,,5771.0,2699.0,3437.0,306361.0
10954,14521,,1180.0,504.0,812.0,48970.0
10962,14522,,4370.0,1880.0,2451.0,193053.0
10970,14525,,1383.0,627.0,825.0,59425.0
10978,14526,,10156.0,4802.0,5962.0,739832.0
10986,14527,,5631.0,2420.0,3469.0,231571.0
10994,14530,,2550.0,1049.0,1467.0,102629.0
11002,14532,,2098.0,916.0,1232.0,94581.0
11010,14533,,754.0,347.0,458.0,42857.0
11018,14534,,15502.0,8381.0,10742.0,1890777.0
11026,14536,,280.0,134.0,157.0,11044.0
11034,14541,,1025.0,457.0,696.0,48174.0
11042,14543,,1651.0,799.0,820.0,104398.0
11050,14544,,918.0,412.0,601.0,42091.0
11058,14546,,2382.0,979.0,1220.0,125991.0
11066,14548,,1895.0,806.0,1017.0,79143.0
11074,14550,,761.0,318.0,394.0,31148.0
11082,14551,,2567.0,975.0,1614.0,98320.0
11090,14555,,527.0,232.0,190.0,24616.0
11098,14559,,8796.0,4090.0,5287.0,488976.0
11106,14560,,1036.0,464.0,522.0,56382.0
11114,14561,,1204.0,546.0,786.0,53878.0
11122,14564,,6691.0,3520.0,4572.0,594584.0
11130,14568,,2952.0,1464.0,1911.0,160710.0
11138,14569,,2789.0,1161.0,1578.0,121105.0
11146,14571,,599.0,257.0,287.0,24987.0
11154,14572,,2234.0,949.0,1343.0,87999.0
11162,14580,,25053.0,11806.0,14914.0,1593715.0
11170,14585,,168.0,58.0,60.0,6161.0
11178,14586,,4428.0,1975.0,2873.0,243697.0
11186,14589,,3506.0,1614.0,2094.0,167744.0
11194,14590,,2229.0,974.0,1440.0,93027.0
11202,14591,,829.0,380.0,487.0,33444.0
11210,14604,,832.0,74.0,135.0,41746.0
11218,14605,,3782.0,350.0,3335.0,72770.0
11226,14606,,12926.0,3799.0,7587.0,435085.0
11234,14607,,7828.0,878.0,1206.0,307824.0
11242,14608,,4399.0,425.0,3052.0,111099.0
11250,14609,,19525.0,4582.0,11090.0,672525.0
11258,14610,,7738.0,2426.0,2609.0,615762.0
11266,14611,,6366.0,811.0,4889.0,144355.0
11274,14612,,17695.0,6950.0,8976.0,853751.0
11282,14613,,5344.0,924.0,4299.0,140669.0
11290,14614,,175.0,20.0,29.0,12137.0
11298,14615,,7720.0,1992.0,4429.0,259900.0
11306,14616,,14772.0,4809.0,7616.0,571135.0
11314,14617,,12471.0,4991.0,6976.0,639972.0
11322,14618,,10373.0,4529.0,5981.0,945833.0
11330,14619,,6646.0,1138.0,4484.0,217747.0
11338,14620,,10799.0,2179.0,3329.0,420348.0
11346,14621,,12071.0,1790.0,9341.0,280728.0
11354,14622,,6628.0,2338.0,2786.0,301734.0
11362,14623,,9729.0,3084.0,3873.0,382284.0
11370,14624,,19187.0,7777.0,10049.0,936241.0
11378,14625,,5634.0,2349.0,2608.0,351098.0
11386,14626,,15478.0,6370.0,7946.0,765368.0
11394,14701,,16744.0,6118.0,9707.0,596718.0
11402,14706,,2822.0,1316.0,1689.0,146327.0
11410,14709,,658.0,321.0,441.0,25026.0
11418,14710,,1639.0,786.0,899.0,71155.0
11426,14711,,706.0,348.0,534.0,26638.0
11434,14712,,1527.0,739.0,869.0,84361.0
11442,14714,,156.0,83.0,121.0,5682.0
11450,14715,,1155.0,515.0,819.0,41828.0
11458,14716,,997.0,393.0,665.0,34231.0
11466,14717,,268.0,106.0,130.0,8946.0
11474,14718,,908.0,440.0,492.0,38386.0
11482,14719,,1368.0,620.0,817.0,52748.0
11490,14721,,105.0,47.0,54.0,3579.0
11498,14723,,558.0,238.0,346.0,21463.0
11506,14724,,920.0,520.0,833.0,34744.0
11514,14726,,385.0,176.0,310.0,11720.0
11522,14727,,2317.0,1085.0,1318.0,97509.0
11530,14728,,432.0,232.0,254.0,18415.0
11538,14729,,403.0,158.0,207.0,15547.0
11546,14731,,748.0,301.0,312.0,41257.0
11554,14733,,1793.0,748.0,979.0,64069.0
11562,14735,,986.0,473.0,818.0,35814.0
11570,14736,,265.0,125.0,144.0,12127.0
11578,14737,,1761.0,748.0,1095.0,64042.0
11586,14738,,1643.0,792.0,1019.0,67165.0
11594,14739,,1094.0,486.0,772.0,37185.0
11602,14740,,551.0,257.0,325.0,20459.0
11610,14741,,873.0,395.0,514.0,33253.0
11618,14743,,815.0,366.0,481.0,31154.0
11626,14744,,468.0,265.0,355.0,19148.0
11634,14747,,948.0,465.0,597.0,33312.0
11642,14748,,351.0,116.0,230.0,17332.0
11650,14750,,2205.0,1007.0,1128.0,127155.0
11658,14753,,495.0,239.0,326.0,18644.0
11666,14754,,280.0,134.0,174.0,10094.0
11674,14755,,1218.0,519.0,671.0,45141.0
11682,14757,,1450.0,617.0,812.0,58569.0
11690,14760,,8425.0,3079.0,4537.0,350096.0
11698,14767,,704.0,393.0,635.0,25916.0
11706,14769,,415.0,181.0,224.0,14207.0
11714,14770,,1382.0,607.0,840.0,62457.0
11722,14772,,1582.0,728.0,1077.0,63350.0
11730,14775,,1095.0,501.0,695.0,37493.0
11738,14777,,313.0,151.0,156.0,11752.0
11746,14779,,3028.0,983.0,1827.0,108609.0
11754,14781,,902.0,454.0,708.0,31601.0
11762,14782,,1011.0,487.0,631.0,36863.0
11770,14784,,427.0,184.0,284.0,15156.0
11778,14787,,2300.0,1024.0,1268.0,90635.0
11786,14801,,2161.0,982.0,1562.0,81151.0
11794,14802,,435.0,156.0,168.0,21234.0
11802,14803,,527.0,238.0,315.0,22626.0
11810,14804,,658.0,306.0,410.0,30922.0
11818,14805,,513.0,232.0,283.0,22232.0
11826,14806,,944.0,444.0,641.0,39670.0
11834,14807,,1315.0,621.0,819.0,59005.0
11842,14808,,289.0,98.0,215.0,9492.0
11850,14809,,1115.0,499.0,740.0,39888.0
11858,14810,,5236.0,2089.0,2855.0,198518.0
11866,14812,,1490.0,727.0,916.0,59778.0
11874,14813,,1038.0,458.0,640.0,40366.0
11882,14814,,983.0,499.0,566.0,61742.0
11890,14815,,406.0,187.0,238.0,16534.0
11898,14816,,321.0,155.0,156.0,14551.0
11906,14817,,1159.0,438.0,541.0,52287.0
11914,14818,,819.0,391.0,445.0,40654.0
11922,14819,,283.0,129.0,201.0,9872.0
11930,14820,,274.0,138.0,204.0,10702.0
11938,14821,,1549.0,738.0,968.0,65726.0
11946,14822,,511.0,215.0,300.0,19446.0
11954,14823,,1667.0,786.0,1096.0,67060.0
11962,14824,,340.0,142.0,165.0,12952.0
11970,14825,,400.0,184.0,286.0,16769.0
11978,14826,,930.0,438.0,565.0,37783.0
11986,14830,,9492.0,3679.0,5321.0,522728.0
11994,14836,,454.0,216.0,277.0,20652.0
12002,14837,,2080.0,965.0,1453.0,80146.0
12010,14838,,903.0,406.0,516.0,38595.0
12018,14839,,299.0,149.0,226.0,11065.0
12026,14840,,1503.0,703.0,648.0,80066.0
12034,14841,,470.0,196.0,208.0,24326.0
12042,14842,,340.0,182.0,275.0,15378.0
12050,14843,,5620.0,2099.0,3358.0,216215.0
12058,14845,,9711.0,4474.0,5441.0,534648.0
12066,14846,,312.0,141.0,218.0,11306.0
12074,14847,,1075.0,492.0,569.0,47855.0
12082,14850,,22776.0,7719.0,9710.0,1390453.0
12090,14853,,268.0,27.0,32.0,7493.0
12098,14855,,369.0,189.0,397.0,12290.0
12106,14858,,702.0,348.0,464.0,30484.0
12114,14859,,476.0,238.0,289.0,18839.0
12122,14860,,499.0,221.0,258.0,19808.0
12130,14861,,612.0,276.0,358.0,25722.0
12138,14864,,551.0,230.0,338.0,19578.0
12146,14865,,1164.0,453.0,584.0,46579.0
12154,14867,,2565.0,1048.0,1479.0,105741.0
12162,14869,,642.0,258.0,440.0,25288.0
12170,14870,,4364.0,1981.0,2685.0,278489.0
12178,14871,,2170.0,1125.0,1131.0,179691.0
12186,14872,,300.0,120.0,162.0,10885.0
12194,14873,,1050.0,469.0,634.0,38525.0
12202,14874,,127.0,45.0,35.0,4557.0
12210,14877,,189.0,97.0,130.0,7034.0
12218,14878,,288.0,139.0,172.0,11052.0
12226,14879,,969.0,436.0,662.0,36686.0
12234,14880,,695.0,350.0,408.0,26763.0
12242,14881,,157.0,46.0,65.0,5980.0
12250,14882,,1880.0,816.0,1041.0,107541.0
12258,14883,,1821.0,827.0,1106.0,78698.0
12266,14884,,138.0,50.0,82.0,5723.0
12274,14885,,302.0,158.0,298.0,9658.0
12282,14886,,3187.0,1425.0,1783.0,173995.0
12290,14889,,627.0,282.0,414.0,23660.0
12298,14891,,2027.0,782.0,1000.0,81166.0
12306,14892,,3549.0,1440.0,2166.0,147437.0
12314,14894,,660.0,293.0,363.0,27040.0
12322,14895,,4058.0,1733.0,2382.0,182776.0
12330,14897,,382.0,197.0,278.0,17461.0
12338,14898,,578.0,286.0,532.0,20745.0
12346,14901,,5563.0,1596.0,3500.0,177275.0
12354,14903,,3673.0,1441.0,2081.0,189045.0
12362,14904,,7210.0,2277.0,4261.0,233297.0
12370,14905,,4443.0,1765.0,2325.0,255851.0
12378,"[1] The ZIP Code is based on the 5-digit ZIP code on the individual 
income tax return.  ZIP Codes with less than 100 returns, 
identified as a single building ZIP code, or identified as a 
nonresidential ZIP code have been omitted from the data.",,,,,
12386,"[9]  The amount of overpayments the tax filer requested to 
have refunded. ",,,,,
